-1.24960959,49.9843826,0,-3.76E-39,2.52E-39,50
-1.74923813,49.9693909,0,-3.37E-06,-9.00E-05,49.9999
-2.2486918,49.9494095,0,-1.04E-05,-0.000359595,49.9998
-2.74792099,49.9244308,0,-2.48E-05,-0.000808649,49.9996
-3.24687529,49.8944664,0,-5.02E-05,-0.00143677,49.9993
-3.74550509,49.8595161,0,-9.02E-05,-0.0022435,49.9988
-4.24376059,49.8195801,0,-0.000148564,-0.00322829,49.9983
-4.74159193,49.7746658,0,-0.000228884,-0.00439051,49.9976
-5.23894978,49.7247772,0,-0.000334785,-0.00572942,49.9968
-5.73578358,49.6699181,0,-0.000469904,-0.00724417,49.9959
-6.23204422,49.610096,0,-0.000637821,-0.00893385,49.9948
-6.72768211,49.5453148,0,-0.000842122,-0.0107974,49.9935
-7.22264767,49.4755821,0,-0.00108637,-0.0128338,49.9921
-7.71689129,49.4009056,0,-0.00137413,-0.0150417,49.9905
-8.21036339,49.3212929,0,-0.00170889,-0.0174199,49.9888
-8.70301533,49.2367516,0,-0.00209417,-0.019967,49.9868
-9.19479752,49.1472855,0,-0.00253341,-0.0226815,49.9846
-9.68566132,49.0529099,0,-0.00303005,-0.0255618,49.9823
-10.1755562,48.9536324,0,-0.00358753,-0.0286063,49.9797
-10.6644344,48.8494606,0,-0.00420918,-0.0318132,49.9769
-11.1522465,48.7404099,0,-0.00489837,-0.0351806,49.9739
-11.6389446,48.6264839,0,-0.00565837,-0.0387067,49.9706
-12.1244793,48.5077019,0,-0.00649248,-0.0423894,49.9671
-12.6088018,48.3840675,0,-0.00740389,-0.0462266,49.9633
-13.0918646,48.2556,0,-0.00839582,-0.0502162,49.9592
-13.5736189,48.1223106,0,-0.00947137,-0.0543558,49.9549
-14.0540161,47.984211,0,-0.0106336,-0.0586431,49.9503
-14.5330095,47.8413162,0,-0.0118857,-0.0630758,49.9454
-15.0105505,47.6936417,0,-0.0132305,-0.0676512,49.9403
-15.4865913,47.5411987,0,-0.0146711,-0.0723668,49.9348
-15.9610834,47.3840027,0,-0.0162102,-0.07722,49.929
-16.4339809,47.2220726,0,-0.0178508,-0.0822079,49.9229
-16.9052372,47.0554237,0,-0.0195957,-0.0873279,49.9165
-17.3748016,46.8840714,0,-0.0214476,-0.0925769,49.9097
-17.8426304,46.7080345,0,-0.023409,-0.097952,49.9026
-18.3086777,46.5273285,0,-0.0254827,-0.10345,49.8952
-18.7728939,46.3419724,0,-0.0276713,-0.109068,49.8874
-19.2352333,46.1519852,0,-0.0299772,-0.114803,49.8792
-19.6956501,45.957386,0,-0.0324028,-0.120652,49.8707
-20.1541004,45.758194,0,-0.0349504,-0.126611,49.8618
-20.6105347,45.5544281,0,-0.0376225,-0.132677,49.8525
-21.0649109,45.3461075,0,-0.0404212,-0.138846,49.8428
-21.5171795,45.1332588,0,-0.0433486,-0.145115,49.8327
-21.9672985,44.9158974,0,-0.0464069,-0.151481,49.8222
-22.4152241,44.694046,0,-0.049598,-0.15794,49.8113
-22.8609066,44.4677277,0,-0.052924,-0.164488,49.8
-23.304306,44.236969,0,-0.0563867,-0.171121,49.7883
-23.7453766,44.0017853,0,-0.0599879,-0.177836,49.7761
-24.1840725,43.762207,0,-0.0637292,-0.184629,49.7635
-24.6203518,43.5182533,0,-0.0676125,-0.191496,49.7504
-25.0541706,43.2699509,0,-0.0716391,-0.198433,49.7369
-25.485487,43.0173225,0,-0.0758106,-0.205437,49.723
-25.9142551,42.7603951,0,-0.0801285,-0.212502,49.7086
-26.3404331,42.4991951,0,-0.084594,-0.219626,49.6937
-26.763979,42.2337494,0,-0.0892083,-0.226804,49.6783
-27.1848507,41.9640808,0,-0.0939728,-0.234032,49.6625
-27.6030045,41.6902161,0,-0.0988883,-0.241305,49.6461
-28.0184002,41.4121895,0,-0.103956,-0.248621,49.6293
-28.430994,41.1300201,0,-0.109177,-0.255973,49.612
-28.8407478,40.8437424,0,-0.114551,-0.263359,49.5941
-29.2476196,40.5533829,0,-0.120081,-0.270774,49.5758
-29.6515675,40.2589684,0,-0.125765,-0.278213,49.5569
-30.0525532,39.9605331,0,-0.131605,-0.285673,49.5375
-30.4505348,39.6581001,0,-0.137602,-0.293149,49.5176
-30.8454723,39.3517075,0,-0.143755,-0.300636,49.4971
-31.2373276,39.0413818,0,-0.150066,-0.30813,49.4762
-31.6260605,38.72715,0,-0.156534,-0.315627,49.4546
-32.0116348,38.4090538,0,-0.163159,-0.323123,49.4325
-32.3940086,38.0871124,0,-0.169941,-0.330612,49.4099
-32.7731438,37.7613716,0,-0.176881,-0.338091,49.3867
-33.1490059,37.4318504,0,-0.183978,-0.345555,49.3629
-33.521553,37.0985909,0,-0.191233,-0.353,49.3386
-33.8907509,36.7616272,0,-0.198644,-0.36042,49.3137
-34.2565613,36.4209862,0,-0.206211,-0.367813,49.2882
-34.6189461,36.0767021,0,-0.213934,-0.375173,49.2621
-34.9778748,35.728817,0,-0.221813,-0.382495,49.2354
-35.3333054,35.3773613,0,-0.229846,-0.389776,49.2082
-35.6852036,35.0223694,0,-0.238032,-0.39701,49.1803
-36.0335388,34.6638756,0,-0.246372,-0.404195,49.1518
-36.3782692,34.301918,0,-0.254864,-0.411324,49.1227
-36.7193642,33.9365311,0,-0.263507,-0.418393,49.093
-37.0567932,33.5677528,0,-0.2723,-0.425399,49.0627
-37.3905144,33.1956215,0,-0.281242,-0.432337,49.0318
-37.7205009,32.8201714,0,-0.290331,-0.439202,49.0003
-38.0467186,32.4414444,0,-0.299566,-0.44599,48.9681
-38.369133,32.0594711,0,-0.308946,-0.452697,48.9353
-38.6877136,31.6742954,0,-0.318469,-0.459318,48.9018
-39.0024261,31.2859535,0,-0.328133,-0.465849,48.8677
-39.3132401,30.8944855,0,-0.337937,-0.472287,48.833
-39.6201248,30.4999294,0,-0.347879,-0.478625,48.7976
-39.9230499,30.1023254,0,-0.357957,-0.484862,48.7615
-40.2219887,29.7017117,0,-0.368169,-0.490991,48.7249
-40.5169029,29.29813,0,-0.378513,-0.49701,48.6875
-40.8077698,28.8916206,0,-0.388987,-0.502914,48.6495
-41.0945587,28.4822254,0,-0.399588,-0.508699,48.6108
-41.377243,28.0699806,0,-0.410315,-0.514361,48.5714
-41.6557884,27.654932,0,-0.421165,-0.519896,48.5314
-41.930172,27.2371197,0,-0.432136,-0.5253,48.4907
-42.2003632,26.8165855,0,-0.443224,-0.530569,48.4494
-42.4663391,26.3933716,0,-0.454428,-0.535699,48.4073
-42.7280693,25.9675179,0,-0.465744,-0.540687,48.3646
-42.9855309,25.5390701,0,-0.477171,-0.545529,48.3211
-43.2386971,25.1080704,0,-0.488704,-0.550221,48.277
-43.4875374,24.6745605,0,-0.500342,-0.55476,48.2322
-43.7320366,24.2385864,0,-0.512081,-0.559142,48.1867
-43.9721603,23.8001881,0,-0.523918,-0.563363,48.1405
-44.2078934,23.3594112,0,-0.535851,-0.56742,48.0936
-44.439209,22.9162998,0,-0.547875,-0.571309,48.046
-44.6660805,22.4708996,0,-0.559988,-0.575028,47.9977
-44.8884888,22.0232525,0,-0.572186,-0.578573,47.9487
-45.106411,21.5734043,0,-0.584466,-0.58194,47.899
-45.3198242,21.1213989,0,-0.596824,-0.585127,47.8486
-45.5287094,20.667284,0,-0.609257,-0.58813,47.7975
-45.7330437,20.2111034,0,-0.621762,-0.590947,47.7456
-45.9328079,19.752903,0,-0.634335,-0.593575,47.6931
-46.1279793,19.2927284,0,-0.646971,-0.59601,47.6398
-46.3185425,18.8306255,0,-0.659668,-0.59825,47.5858
-46.5044785,18.3666401,0,-0.672422,-0.600292,47.5311
-46.6857643,17.9008198,0,-0.685228,-0.602133,47.4756
-46.8623848,17.4332104,0,-0.698083,-0.603772,47.4195
-47.0343208,16.9638596,0,-0.710983,-0.605205,47.3626
-47.2015572,16.4928112,0,-0.723924,-0.60643,47.305
-47.3640785,16.0201168,0,-0.736901,-0.607444,47.2467
-47.521862,15.5458202,0,-0.749911,-0.608246,47.1876
-47.6749001,15.0699701,0,-0.76295,-0.608833,47.1278
-47.8231697,14.5926132,0,-0.776013,-0.609203,47.0673
-47.9666634,14.1137991,0,-0.789096,-0.609355,47.0061
-48.1053619,13.6335735,0,-0.802195,-0.609285,46.9441
-48.2392502,13.1519861,0,-0.815306,-0.608993,46.8814
-48.3683205,12.6690836,0,-0.828424,-0.608476,46.8179
-48.4925537,12.1849155,0,-0.841545,-0.607733,46.7538
-48.6119423,11.6995287,0,-0.854665,-0.606763,46.6889
-48.7264748,11.2129736,0,-0.867778,-0.605563,46.6232
-48.8361359,10.7252979,0,-0.880882,-0.604133,46.5569
-48.9409142,10.2365494,0,-0.89397,-0.602471,46.4898
-49.040802,9.74677849,0,-0.907039,-0.600575,46.4219
-49.1357918,9.25603294,0,-0.920084,-0.598445,46.3533
-49.2258682,8.76436329,0,-0.933101,-0.59608,46.284
-49.3110237,8.27181721,0,-0.946085,-0.593479,46.214
-49.3912506,7.77844429,0,-0.959031,-0.59064,46.1432
-49.4665451,7.28429365,0,-0.971935,-0.587564,46.0717
-49.5368919,6.78941584,0,-0.984792,-0.584249,45.9995
-49.6022911,6.293859,0,-0.997597,-0.580695,45.9265
-49.6627312,5.79767323,0,-1.01035,-0.576901,45.8528
-49.7182083,5.30090761,0,-1.02304,-0.572867,45.7784
-49.7687187,4.80361271,0,-1.03566,-0.568592,45.7032
-49.8142509,4.30583763,0,-1.04821,-0.564077,45.6273
-49.8548088,3.80763245,0,-1.06069,-0.559321,45.5507
-49.8903809,3.30904651,0,-1.07309,-0.554325,45.4733
-49.9209709,2.81012988,0,-1.0854,-0.549088,45.3953
-49.9465675,2.31093216,0,-1.09763,-0.54361,45.3165
-49.9671745,1.81150377,0,-1.10976,-0.537892,45.2369
-49.9827881,1.3118943,0,-1.1218,-0.531934,45.1567
-49.9934044,0.812153697,0,-1.13373,-0.525737,45.0757
-49.9990234,0.312331885,0,-1.14556,-0.519301,44.9939
-49.999649,-0.187521115,0,-1.15727,-0.512627,44.9115
-49.9952736,-0.687355399,0,-1.16886,-0.505715,44.8284
-49.9859047,-1.18712091,0,-1.18034,-0.498567,44.7445
-49.9715385,-1.68676782,0,-1.19169,-0.491183,44.6599
-49.952179,-2.18624616,0,-1.20291,-0.483564,44.5746
-49.9278297,-2.68550611,0,-1.21399,-0.475712,44.4886
-49.8984871,-3.18449759,0,-1.22494,-0.467627,44.4018
-49.8641586,-3.6831708,0,-1.23574,-0.459311,44.3144
-49.8248444,-4.18147564,0,-1.24639,-0.450766,44.2262
-49.7805557,-4.67936277,0,-1.25689,-0.441992,44.1373
-49.7312889,-5.17678261,0,-1.26723,-0.432992,44.0478
-49.6770515,-5.6736846,0,-1.27741,-0.423766,43.9575
-49.6178474,-6.17001963,0,-1.28743,-0.414318,43.8665
-49.553688,-6.66573811,0,-1.29727,-0.404648,43.7748
-49.4845734,-7.16079044,0,-1.30694,-0.394759,43.6824
-49.4105148,-7.65512705,0,-1.31644,-0.384652,43.5894
-49.3315201,-8.14869881,0,-1.32574,-0.37433,43.4956
-49.2475929,-8.64145565,0,-1.33487,-0.363795,43.4011
-49.158741,-9.13334942,0,-1.3438,-0.353049,43.306
-49.0649796,-9.62433052,0,-1.35253,-0.342094,43.2101
-48.9663162,-10.1143494,0,-1.36107,-0.330933,43.1136
-48.8627548,-10.6033573,0,-1.3694,-0.319569,43.0164
-48.7543106,-11.0913057,0,-1.37753,-0.308004,42.9185
-48.640995,-11.578145,0,-1.38544,-0.296241,42.8199
-48.5228195,-12.0638275,0,-1.39314,-0.284283,42.7207
-48.3997955,-12.5483046,0,-1.40062,-0.272131,42.6208
-48.2719307,-13.0315275,0,-1.40788,-0.259791,42.5202
-48.1392441,-13.5134487,0,-1.41491,-0.247263,42.4189
-48.0017433,-13.9940186,0,-1.42172,-0.234553,42.317
-47.8594475,-14.4731903,0,-1.42829,-0.221661,42.2144
-47.712368,-14.9509144,0,-1.43462,-0.208593,42.1112
-47.5605202,-15.427146,0,-1.44072,-0.195351,42.0073
-47.4039192,-15.9018345,0,-1.44657,-0.181938,41.9028
-47.2425804,-16.3749332,0,-1.45217,-0.168359,41.7976
-47.0765228,-16.8463974,0,-1.45752,-0.154616,41.6918
-46.9057579,-17.3161774,0,-1.46263,-0.140713,41.5853
-46.7303047,-17.7842255,0,-1.46747,-0.126654,41.4782
-46.5501823,-18.2504978,0,-1.47206,-0.112443,41.3704
-46.365406,-18.7149448,0,-1.47638,-0.0980826,41.2621
-46.1759949,-19.1775208,0,-1.48044,-0.0835777,41.1531
-45.9819717,-19.6381817,0,-1.48423,-0.0689319,41.0434
-45.7833519,-20.09688,0,-1.48776,-0.054149,40.9332
-45.5801582,-20.5535698,0,-1.49101,-0.0392335,40.8223
-45.372406,-21.0082035,0,-1.49398,-0.0241889,40.7108
-45.1601219,-21.4607391,0,-1.49668,-0.00901956,40.5987
-44.943325,-21.9111309,0,-1.49909,0.00626997,40.486
-44.7220345,-22.3593311,0,-1.50123,0.021676,40.3727
-44.496273,-22.8052979,0,-1.50307,0.0371938,40.2588
-44.2660675,-23.2489853,0,-1.50464,0.0528193,40.1443
-44.0314369,-23.6903496,0,-1.50591,0.0685478,40.0292
-43.7924042,-24.1293449,0,-1.50689,0.0843751,39.9135
-43.548996,-24.5659294,0,-1.50758,0.100297,39.7972
-43.3012352,-25.0000591,0,-1.50797,0.116308,39.6804
-43.0491486,-25.4316883,0,-1.50807,0.132404,39.563
-42.7927589,-25.8607788,0,-1.50787,0.148581,39.445
-42.5320892,-26.2872829,0,-1.50737,0.164834,39.3264
-42.2671738,-26.7111607,0,-1.50657,0.181158,39.2073
-41.9980316,-27.1323681,0,-1.50547,0.197548,39.0876
-41.7246933,-27.5508633,0,-1.50406,0.214,38.9673
-41.4471817,-27.9666061,0,-1.50235,0.230509,38.8465
-41.1655312,-28.3795547,0,-1.50034,0.24707,38.7252
-40.8797646,-28.7896652,0,-1.49801,0.263679,38.6033
-40.5899124,-29.1968994,0,-1.49538,0.280329,38.4809
-40.2960052,-29.6012154,0,-1.49244,0.297017,38.3579
-39.9980698,-30.002573,0,-1.48919,0.313738,38.2345
-39.6961365,-30.4009323,0,-1.48563,0.330486,38.1105
-39.3902359,-30.7962532,0,-1.48177,0.347257,37.9859
-39.0804024,-31.1884956,0,-1.47759,0.364045,37.8609
-38.7666588,-31.5776215,0,-1.47309,0.380847,37.7353
-38.4490395,-31.9635925,0,-1.46829,0.397655,37.6093
-38.1275826,-32.3463669,0,-1.46318,0.414467,37.4827
-37.8023109,-32.7259102,0,-1.45775,0.431276,37.3557
-37.4732628,-33.1021843,0,-1.45201,0.448077,37.2281
-37.1404686,-33.4751472,0,-1.44597,0.464866,37.1001
-36.8039665,-33.8447647,0,-1.43961,0.481637,36.9715
-36.4637833,-34.2110023,0,-1.43294,0.498386,36.8426
-36.1199532,-34.5738182,0,-1.42595,0.515107,36.7131
-35.7725182,-34.9331779,0,-1.41866,0.531796,36.5831
-35.421505,-35.2890511,0,-1.41106,0.548446,36.4527
-35.0669518,-35.6413918,0,-1.40316,0.565054,36.3219
-34.7088928,-35.9901733,0,-1.39494,0.581614,36.1906
-34.3473701,-36.3353577,0,-1.38642,0.598121,36.0588
-33.9824104,-36.6769104,0,-1.37759,0.61457,35.9266
-33.6140556,-37.0147972,0,-1.36845,0.630956,35.794
-33.2423401,-37.3489876,0,-1.35902,0.647274,35.6609
-32.8673019,-37.6794434,0,-1.34928,0.663519,35.5274
-32.4889832,-38.006134,0,-1.33924,0.679686,35.3935
-32.1074142,-38.3290253,0,-1.3289,0.69577,35.2591
-31.7226353,-38.6480827,0,-1.31826,0.711766,35.1244
-31.3346882,-38.9632835,0,-1.30733,0.72767,34.9892
-30.9436073,-39.2745857,0,-1.2961,0.743476,34.8537
-30.5494366,-39.5819664,0,-1.28458,0.759179,34.7177
-30.1522102,-39.8853874,0,-1.27277,0.774775,34.5813
-29.7519722,-40.1848259,0,-1.26067,0.790259,34.4446
-29.3487606,-40.4802475,0,-1.24829,0.805626,34.3075
-28.9426136,-40.7716217,0,-1.23562,0.820871,34.17
-28.533577,-41.0589218,0,-1.22266,0.83599,34.0322
-28.1216869,-41.3421173,0,-1.20943,0.850977,33.8939
-27.7069874,-41.6211815,0,-1.19592,0.865829,33.7553
-27.2895184,-41.8960876,0,-1.18214,0.880541,33.6164
-26.8693218,-42.1668053,0,-1.16809,0.895107,33.4771
-26.4464397,-42.4333115,0,-1.15376,0.909524,33.3375
-26.0209141,-42.6955719,0,-1.13917,0.923788,33.1975
-25.5927887,-42.9535713,0,-1.12432,0.937892,33.0572
-25.1621056,-43.2072716,0,-1.10921,0.951834,32.9166
-24.7289085,-43.4566574,0,-1.09384,0.965609,32.7757
-24.2932377,-43.7016983,0,-1.07821,0.979213,32.6344
-23.8551407,-43.9423752,0,-1.06234,0.992641,32.4929
-23.4146595,-44.1786575,0,-1.04621,1.00589,32.351
-22.971838,-44.4105225,0,-1.02985,1.01895,32.2088
-22.52672,-44.6379547,0,-1.01324,1.03183,32.0664
-22.0793514,-44.86092,0,-0.996394,1.04451,31.9237
-21.629776,-45.0794067,0,-0.979316,1.057,31.7806
-21.1780396,-45.2933846,0,-0.962007,1.06929,31.6373
-20.7241859,-45.5028381,0,-0.944473,1.08137,31.4938
-20.268261,-45.7077408,0,-0.926716,1.09325,31.3499
-19.8103104,-45.9080772,0,-0.908741,1.10492,31.2059
-19.3503799,-46.1038246,0,-0.890551,1.11637,31.0615
-18.8885155,-46.2949677,0,-0.872151,1.1276,30.9169
-18.4247646,-46.4814796,0,-0.853546,1.13861,30.7721
-17.9591694,-46.6633492,0,-0.834738,1.14939,30.6271
-17.4917812,-46.8405533,0,-0.815732,1.15995,30.4818
-17.022646,-47.0130768,0,-0.796533,1.17027,30.3363
-16.5518074,-47.1809044,0,-0.777145,1.18036,30.1905
-16.0793152,-47.3440132,0,-0.757572,1.19021,30.0446
-15.605217,-47.5023918,0,-0.737819,1.19981,29.8985
-15.1295586,-47.6560211,0,-0.71789,1.20918,29.7521
-14.6523876,-47.8048897,0,-0.697791,1.21829,29.6056
-14.1737528,-47.9489822,0,-0.677525,1.22716,29.4589
-13.6937017,-48.0882797,0,-0.657097,1.23577,29.312
-13.2122812,-48.2227707,0,-0.636513,1.24412,29.1649
-12.7295408,-48.3524437,0,-0.615776,1.25222,29.0176
-12.2455282,-48.4772835,0,-0.594892,1.26005,28.8702
-11.7602921,-48.5972786,0,-0.573866,1.26763,28.7227
-11.27388,-48.7124176,0,-0.552702,1.27493,28.575
-10.7863417,-48.8226891,0,-0.531406,1.28197,28.4271
-10.2977247,-48.9280777,0,-0.509983,1.28873,28.2791
-9.80807877,-49.0285797,0,-0.488438,1.29523,28.131
-9.31745243,-49.1241798,0,-0.466775,1.30145,27.9827
-8.82589531,-49.2148705,0,-0.445,1.30739,27.8343
-8.33345604,-49.3006439,0,-0.423119,1.31305,27.6858
-7.84018421,-49.3814888,0,-0.401136,1.31844,27.5372
-7.34612846,-49.4574013,0,-0.379056,1.32354,27.3885
-6.85133839,-49.5283661,0,-0.356886,1.32836,27.2397
-6.35586405,-49.5943832,0,-0.334629,1.33289,27.0908
-5.85975409,-49.6554451,0,-0.312293,1.33714,26.9418
-5.36305857,-49.711544,0,-0.289881,1.3411,26.7927
-4.86582708,-49.7626724,0,-0.2674,1.34477,26.6436
-4.36810923,-49.8088303,0,-0.244854,1.34814,26.4944
-3.86995506,-49.8500099,0,-0.22225,1.35123,26.3451
-3.37141395,-49.8862076,0,-0.199592,1.35403,26.1958
-2.87253594,-49.9174156,0,-0.176887,1.35653,26.0464
-2.37337089,-49.9436378,0,-0.154139,1.35874,25.897
-1.87396848,-49.9648705,0,-0.131354,1.36065,25.7476
-1.37437892,-49.9811058,0,-0.108538,1.36227,25.5981
-0.874651968,-49.9923477,0,-0.0856956,1.3636,25.4486
-0.374837607,-49.9985962,0,-0.0628333,1.36462,25.2991
0.125014231,-49.9998436,0,-0.0399561,1.36535,25.1495
0.624853551,-49.9960938,0,-0.0170697,1.36579,25
1.12463045,-49.9873505,0,0.00582041,1.36593,24.8505
1.624295,-49.9736099,0,0.0287087,1.36577,24.7009
2.12379718,-49.9548759,0,0.0515896,1.36531,24.5514
2.62308693,-49.9311485,0,0.0744576,1.36456,24.4019
3.12211466,-49.9024277,0,0.0973071,1.36351,24.2524
3.62083054,-49.8687248,0,0.120133,1.36217,24.103
4.11918449,-49.8300362,0,0.142929,1.36053,23.9536
4.61712646,-49.7863655,0,0.16569,1.35859,23.8042
5.11460733,-49.7377205,0,0.18841,1.35637,23.6549
5.61157656,-49.6841049,0,0.211085,1.35384,23.5056
6.1079855,-49.6255226,0,0.233708,1.35103,23.3564
6.60378361,-49.5619812,0,0.256274,1.34792,23.2073
7.09892225,-49.4934883,0,0.278777,1.34452,23.0582
7.59335089,-49.4200478,0,0.301213,1.34084,22.9092
8.08702087,-49.3416672,0,0.323576,1.33686,22.7603
8.57988262,-49.2583542,0,0.34586,1.3326,22.6115
9.07188702,-49.1701202,0,0.36806,1.32805,22.4628
9.56298447,-49.076973,0,0.39017,1.32322,22.3142
10.0531263,-48.97892,0,0.412187,1.3181,22.1657
10.542263,-48.8759727,0,0.434103,1.31271,22.0173
11.0303469,-48.7681389,0,0.455914,1.30703,21.869
11.5173283,-48.6554337,0,0.477616,1.30108,21.7209
12.0031576,-48.5378647,0,0.499201,1.29485,21.5729
12.4877882,-48.4154434,0,0.520666,1.28835,21.425
12.9711704,-48.2881851,0,0.542006,1.28157,21.2773
13.4532566,-48.1560974,0,0.563215,1.27453,21.1298
13.9339981,-48.0191994,0,0.584288,1.26722,20.9824
14.4133472,-47.8775024,0,0.60522,1.25964,20.8351
14.8912554,-47.7310219,0,0.626007,1.2518,20.688
15.3676758,-47.5797691,0,0.646644,1.24371,20.5411
15.8425598,-47.4237633,0,0.667125,1.23535,20.3944
16.3158607,-47.2630157,0,0.687446,1.22674,20.2479
16.7875309,-47.0975456,0,0.707603,1.21788,20.1015
17.2575245,-46.9273682,0,0.727589,1.20877,19.9554
17.7257919,-46.7524986,0,0.747402,1.19941,19.8095
18.1922874,-46.5729599,0,0.767037,1.18981,19.6637
18.6569672,-46.3887672,0,0.786488,1.17997,19.5182
19.1197796,-46.1999359,0,0.805751,1.16989,19.3729
19.5806828,-46.0064888,0,0.824823,1.15958,19.2279
20.039629,-45.8084412,0,0.843698,1.14904,19.0831
20.4965706,-45.6058159,0,0.862373,1.13827,18.9385
20.9514656,-45.3986359,0,0.880843,1.12728,18.7941
21.4042664,-45.1869164,0,0.899104,1.11607,18.6501
21.854929,-44.9706802,0,0.917152,1.10464,18.5062
22.3034058,-44.7499504,0,0.934983,1.093,18.3627
22.7496529,-44.5247498,0,0.952593,1.08115,18.2194
23.1936283,-44.2950974,0,0.969978,1.06909,18.0763
23.6352844,-44.0610199,0,0.987135,1.05683,17.9336
24.0745792,-43.8225365,0,1.00406,1.04437,17.7912
24.511467,-43.5796738,0,1.02075,1.03172,17.649
24.9459057,-43.3324547,0,1.0372,1.01888,17.5071
25.3778515,-43.0809097,0,1.0534,1.00585,17.3656
25.8072605,-42.8250542,0,1.06936,0.992645,17.2243
26.2340908,-42.5649223,0,1.08507,0.979259,17.0834
26.6582985,-42.3005333,0,1.10053,0.965699,16.9428
27.0798435,-42.0319176,0,1.11573,0.95197,16.8025
27.4986801,-41.7591019,0,1.13067,0.938075,16.6625
27.9147701,-41.4821129,0,1.14535,0.924021,16.5229
28.3280697,-41.2009773,0,1.15977,0.90981,16.3836
28.7385368,-40.9157257,0,1.17391,0.895447,16.2447
29.1461334,-40.6263809,0,1.18779,0.880938,16.1061
29.5508156,-40.3329811,0,1.20139,0.866286,15.9678
29.9525471,-40.0355453,0,1.21471,0.851495,15.83
30.3512821,-39.7341118,0,1.22776,0.836572,15.6925
30.7469864,-39.4287071,0,1.24053,0.821519,15.5554
31.139616,-39.1193619,0,1.25301,0.806342,15.4186
31.5291328,-38.8061028,0,1.26521,0.791046,15.2823
31.9155006,-38.4889717,0,1.27711,0.775636,15.1463
32.2986794,-38.1679878,0,1.28873,0.760116,15.0108
32.678627,-37.8431931,0,1.30006,0.74449,14.8756
33.0553093,-37.5146179,0,1.31109,0.728765,14.7409
33.428688,-37.1822891,0,1.32183,0.712944,14.6065
33.7987289,-36.8462486,0,1.33227,0.697033,14.4726
34.16539,-36.5065231,0,1.34242,0.681036,14.3391
34.5286369,-36.163147,0,1.35226,0.664959,14.206
34.8884315,-35.8161621,0,1.3618,0.648807,14.0734
35.2447395,-35.4655914,0,1.37103,0.632583,13.9412
35.5975266,-35.1114807,0,1.37997,0.616295,13.8094
35.9467545,-34.7538605,0,1.3886,0.599945,13.6781
36.2923927,-34.392765,0,1.39692,0.583541,13.5473
36.6343994,-34.0282326,0,1.40493,0.567085,13.4169
36.9727478,-33.6603012,0,1.41264,0.550584,13.2869
37.3073997,-33.2890053,0,1.42003,0.534043,13.1574
37.6383247,-32.9143829,0,1.42712,0.517466,13.0285
37.9654884,-32.5364685,0,1.4339,0.500859,12.8999
38.2888565,-32.155304,0,1.44036,0.484226,12.7719
38.6083946,-31.7709255,0,1.44652,0.467573,12.6443
38.9240799,-31.3833733,0,1.45236,0.450905,12.5173
39.2358704,-30.9926834,0,1.45789,0.434227,12.3907
39.5437431,-30.5988941,0,1.46312,0.417543,12.2647
39.8476639,-30.2020493,0,1.46803,0.40086,12.1391
40.1475983,-29.8021851,0,1.47262,0.384181,12.0141
40.4435234,-29.3993435,0,1.47691,0.367512,11.8895
40.735405,-28.9935627,0,1.48089,0.350858,11.7655
41.0232162,-28.5848846,0,1.48455,0.334224,11.6421
41.3069305,-28.1733494,0,1.48791,0.317615,11.5191
41.5865135,-27.758997,0,1.49096,0.301035,11.3967
41.8619385,-27.3418732,0,1.49369,0.28449,11.2748
42.1331825,-26.9220142,0,1.49612,0.267985,11.1535
42.4002151,-26.4994659,0,1.49825,0.251523,11.0327
42.6630096,-26.0742702,0,1.50006,0.235112,10.9124
42.9215431,-25.6464672,0,1.50157,0.218754,10.7927
43.1757813,-25.2161007,0,1.50278,0.202455,10.6736
43.4257088,-24.7832165,0,1.50369,0.18622,10.555
43.6712952,-24.3478527,0,1.50429,0.170053,10.437
43.9125175,-23.9100571,0,1.5046,0.153959,10.3196
44.1493492,-23.4698715,0,1.5046,0.137943,10.2028
44.3817711,-23.0273399,0,1.50431,0.122009,10.0865
44.6097565,-22.5825062,0,1.50373,0.106162,9.97081
44.8332825,-22.1354179,0,1.50285,0.0904068,9.85572
45.05233,-21.6861153,0,1.50168,0.0747473,9.74121
45.2668724,-21.2346458,0,1.50022,0.0591881,9.62731
45.4768944,-20.7810555,0,1.49847,0.0437336,9.514
45.6823654,-20.325386,0,1.49643,0.0283884,9.40129
45.8832779,-19.8676872,0,1.49412,0.0131566,9.28919
46.0796013,-19.4080009,0,1.49152,-0.00195761,9.1777
46.2713165,-18.9463768,0,1.48865,-0.0169498,9.06683
46.4584122,-18.4828587,0,1.48549,-0.031816,8.95658
46.6408615,-18.0174923,0,1.48207,-0.046552,8.84694
46.8186493,-17.5503254,0,1.47837,-0.061154,8.73794
46.9917603,-17.0814056,0,1.47441,-0.0756178,8.62956
47.1601753,-16.6107788,0,1.47018,-0.0899394,8.52181
47.3238754,-16.1384907,0,1.46569,-0.104115,8.4147
47.4828453,-15.6645899,0,1.46093,-0.118141,8.30822
47.6370697,-15.1891241,0,1.45592,-0.132013,8.20239
47.7865334,-14.7121391,0,1.45066,-0.145729,8.09721
47.9312248,-14.2336855,0,1.44515,-0.159283,7.99267
48.0711212,-13.753808,0,1.43939,-0.172674,7.88878
48.2062149,-13.2725563,0,1.43338,-0.185896,7.78555
48.3364906,-12.789979,0,1.42714,-0.198947,7.68298
48.461937,-12.3061228,0,1.42065,-0.211824,7.58107
48.5825386,-11.8210363,0,1.41393,-0.224524,7.47982
48.6982841,-11.3347683,0,1.40699,-0.237042,7.37923
48.809166,-10.8473682,0,1.39981,-0.249376,7.27932
48.9151649,-10.3588839,0,1.39241,-0.261523,7.18008
49.0162811,-9.86936378,0,1.38479,-0.273481,7.08151
49.1124954,-9.37885761,0,1.37696,-0.285245,6.98362
49.2038002,-8.88741398,0,1.36891,-0.296814,6.88641
49.2901878,-8.39508247,0,1.36066,-0.308184,6.78988
49.3716507,-7.90191174,0,1.3522,-0.319354,6.69404
49.4481773,-7.40795135,0,1.34354,-0.33032,6.59888
49.5197639,-6.91325092,0,1.33469,-0.34108,6.50442
49.5863991,-6.41785908,0,1.32564,-0.351631,6.41065
49.6480827,-5.92182589,0,1.3164,-0.361972,6.31757
49.7047997,-5.42520094,0,1.30698,-0.3721,6.22518
49.7565536,-4.92803383,0,1.29738,-0.382013,6.1335
49.8033295,-4.43037415,0,1.28761,-0.391709,6.04252
49.8451309,-3.93227172,0,1.27766,-0.401186,5.95224
49.8819542,-3.43377614,0,1.26754,-0.410442,5.86266
49.9137878,-2.93493772,0,1.25727,-0.419475,5.77379
49.9406319,-2.4358058,0,1.24683,-0.428284,5.68563
49.9624901,-1.93643034,0,1.23624,-0.436867,5.59818
49.979351,-1.4368614,0,1.2255,-0.445223,5.51144
49.9912186,-0.937148869,0,1.21462,-0.45335,5.42542
49.9980888,-0.437342703,0,1.20359,-0.461247,5.34011
49.9999619,0.062507168,0,1.19243,-0.468912,5.25551
49.9968376,0.56235081,0,1.18114,-0.476345,5.17164
49.9887161,1.0621382,0,1.16972,-0.483544,5.08848
49.9756012,1.56181955,0,1.15818,-0.490509,5.00605
49.957489,2.06134462,0,1.14652,-0.497239,4.92434
49.9343872,2.56066394,0,1.13474,-0.503732,4.84335
49.906292,3.05972719,0,1.12286,-0.509989,4.76309
49.8732109,3.55848455,0,1.11087,-0.516008,4.68355
49.835144,4.0568862,0,1.09879,-0.52179,4.60474
49.792099,4.554883,0,1.08661,-0.527333,4.52665
49.7440758,5.05242395,0,1.07434,-0.532638,4.4493
49.691082,5.54945993,0,1.06198,-0.537704,4.37267
49.6331215,6.04594183,0,1.04955,-0.542531,4.29677
49.5701981,6.5418191,0,1.03703,-0.54712,4.22161
49.5023232,7.03704262,0,1.02445,-0.55147,4.14717
49.4295006,7.53156281,0,1.0118,-0.555581,4.07347
49.351738,8.02533054,0,0.999086,-0.559454,4.0005
49.269043,8.51829624,0,0.986316,-0.56309,3.92827
49.1814232,9.01041031,0,0.973493,-0.566488,3.85676
49.0888901,9.50162411,0,0.960622,-0.569649,3.78599
48.9914513,9.99188805,0,0.947707,-0.572574,3.71596
48.8891144,10.4811535,0,0.934753,-0.575264,3.64665
48.7818909,10.9693708,0,0.921766,-0.577719,3.57808
48.6697922,11.4564924,0,0.908748,-0.57994,3.51025
48.5528297,11.9424696,0,0.895705,-0.581929,3.44315
48.431015,12.4272528,0,0.882642,-0.583686,3.37678
48.3043633,12.9107933,0,0.869562,-0.585213,3.31114
48.1728783,13.3930445,0,0.856471,-0.586511,3.24624
48.0365829,13.8739567,0,0.843373,-0.587582,3.18207
47.8954849,14.3534822,0,0.830272,-0.588426,3.11863
47.7495995,14.8315735,0,0.817172,-0.589046,3.05593
47.5989456,15.3081827,0,0.804079,-0.589443,2.99395
47.443531,15.7832613,0,0.790996,-0.589619,2.93271
47.2833748,16.2567635,0,0.777928,-0.589575,2.87219
47.1184959,16.7286396,0,0.764878,-0.589314,2.81241
46.9489059,17.1988449,0,0.751852,-0.588838,2.75335
46.7746239,17.6673317,0,0.738853,-0.588148,2.69501
46.5956688,18.1340504,0,0.725886,-0.587247,2.63741
46.4120522,18.598959,0,0.712955,-0.586137,2.58053
46.2238007,19.0620079,0,0.700063,-0.58482,2.52437
46.0309296,19.5231533,0,0.687214,-0.583299,2.46894
45.8334579,19.9823456,0,0.674414,-0.581576,2.41422
45.6314049,20.4395409,0,0.661665,-0.579654,2.36023
45.4247932,20.8946953,0,0.648971,-0.577536,2.30695
45.2136383,21.3477592,0,0.636337,-0.575223,2.25439
44.9979668,21.7986908,0,0.623766,-0.57272,2.20254
44.7777977,22.2474442,0,0.611261,-0.570028,2.15141
44.553154,22.6939735,0,0.598827,-0.567151,2.10099
44.3240585,23.1382351,0,0.586467,-0.564092,2.05128
44.0905304,23.580183,0,0.574184,-0.560853,2.00227
43.8526001,24.0197754,0,0.561982,-0.557438,1.95397
43.6102829,24.4569683,0,0.549864,-0.55385,1.90638
43.3636093,24.8917141,0,0.537834,-0.550093,1.85948
43.1126022,25.3239746,0,0.525895,-0.546169,1.81328
42.8572845,25.7537041,0,0.514051,-0.542082,1.76778
42.597683,26.1808586,0,0.502303,-0.537836,1.72298
42.333828,26.6053963,0,0.490656,-0.533433,1.67886
42.0657387,27.0272751,0,0.479112,-0.528879,1.63544
41.7934456,27.4464531,0,0.467674,-0.524175,1.5927
41.5169792,27.8628883,0,0.456346,-0.519326,1.55064
41.2363586,28.2765388,0,0.445129,-0.514336,1.50927
40.9516182,28.6873646,0,0.434027,-0.509207,1.46857
40.6627884,29.0953217,0,0.423042,-0.503945,1.42855
40.3698921,29.5003719,0,0.412177,-0.498553,1.3892
40.0729599,29.9024734,0,0.401434,-0.493035,1.35052
39.7720261,30.3015862,0,0.390816,-0.487395,1.3125
39.4671135,30.69767,0,0.380325,-0.481637,1.27515
39.1582603,31.0906868,0,0.369963,-0.475764,1.23845
38.8454895,31.4805965,0,0.359732,-0.469782,1.20241
38.5288391,31.8673592,0,0.349635,-0.463693,1.16703
38.2083359,32.2509384,0,0.339673,-0.457503,1.13229
37.8840179,32.6312904,0,0.329849,-0.451215,1.09819
37.555912,33.0083847,0,0.320163,-0.444834,1.06474
37.2240524,33.3821793,0,0.310619,-0.438364,1.03192
36.8884735,33.7526398,0,0.301217,-0.431809,0.99974
36.5492058,34.1197243,0,0.291959,-0.425173,0.968186
36.2062874,34.4833984,0,0.282847,-0.418461,0.937258
35.8597488,34.8436279,0,0.273881,-0.411677,0.90695
35.5096283,35.2003746,0,0.265064,-0.404826,0.87726
35.1559563,35.5536041,0,0.256397,-0.397911,0.848182
34.7987709,35.9032784,0,0.24788,-0.390938,0.819712
34.4381104,36.2493668,0,0.239515,-0.38391,0.791847
34.0740051,36.5918312,0,0.231303,-0.376832,0.764581
33.7064972,36.9306374,0,0.223244,-0.369709,0.73791
33.3356209,37.2657547,0,0.215339,-0.362544,0.711828
32.9614105,37.5971489,0,0.207589,-0.355343,0.686333
32.5839043,37.9247818,0,0.199995,-0.34811,0.661418
32.2031441,38.2486267,0,0.192557,-0.340849,0.637079
31.8191681,38.5686493,0,0.185275,-0.333565,0.61331
31.4320087,38.8848152,0,0.178151,-0.326262,0.590108
31.041708,39.197094,0,0.171183,-0.318944,0.567465
30.6483059,39.5054588,0,0.164373,-0.311616,0.545379
30.2518406,39.8098755,0,0.15772,-0.304283,0.523843
29.8523521,40.1103096,0,0.151224,-0.296949,0.502852
29.4498806,40.4067383,0,0.144885,-0.289618,0.482401
29.0444641,40.6991272,0,0.138704,-0.282295,0.462483
28.6361465,40.9874496,0,0.132679,-0.274983,0.443095
28.224966,41.2716751,0,0.12681,-0.267688,0.424229
27.8109646,41.5517769,0,0.121097,-0.260414,0.405881
27.3941841,41.8277245,0,0.11554,-0.253165,0.388044
26.9746666,42.0994949,0,0.110137,-0.245945,0.370714
26.5524521,42.367054,0,0.104888,-0.238758,0.353883
26.1275845,42.6303787,0,0.0997923,-0.23161,0.337546
25.7001057,42.8894463,0,0.0948488,-0.224504,0.321698
25.2700577,43.1442261,0,0.0900565,-0.217443,0.306331
24.8374844,43.3946915,0,0.0854144,-0.210433,0.29144
24.4024296,43.6408234,0,0.0809213,-0.203478,0.277019
23.9649353,43.8825912,0,0.076576,-0.196581,0.263061
23.5250454,44.119976,0,0.0723772,-0.189747,0.24956
23.0828056,44.352951,0,0.0683236,-0.182979,0.23651
22.638258,44.5814896,0,0.0644137,-0.176281,0.223904
22.1914482,44.8055763,0,0.0606458,-0.169658,0.211736
21.7424202,45.0251846,0,0.0570184,-0.163114,0.199998
21.2912197,45.2402916,0,0.0535298,-0.156651,0.188685
20.8378906,45.4508781,0,0.0501782,-0.150274,0.17779
20.3824806,45.6569214,0,0.0469618,-0.143987,0.167305
19.9250317,45.8584023,0,0.0438786,-0.137793,0.157225
19.4655914,46.0553017,0,0.0409266,-0.131695,0.147541
19.0042076,46.2475967,0,0.0381038,-0.125698,0.138248
18.5409222,46.4352684,0,0.035408,-0.119805,0.129338
18.0757866,46.6183014,0,0.032837,-0.114018,0.120804
17.6088428,46.7966728,0,0.0303885,-0.108343,0.112639
17.1401386,46.9703712,0,0.0280602,-0.102781,0.104835
16.6697216,47.13937,0,0.0258497,-0.0973364,0.0973862
16.1976395,47.3036613,0,0.0237545,-0.0920119,0.0902846
15.723938,47.4632263,0,0.0217721,-0.0868108,0.0835227
15.2486649,47.6180458,0,0.0198998,-0.0817361,0.0770932
14.7718678,47.7681046,0,0.0181351,-0.0767907,0.0709888
14.2935953,47.9133911,0,0.0164751,-0.0719776,0.0652016
13.8138933,48.0538902,0,0.0149171,-0.0672994,0.0597245
13.3328114,48.1895866,0,0.0134584,-0.062759,0.0545497
12.8503962,48.3204651,0,0.012096,-0.0583591,0.0496695
12.3666973,48.4465141,0,0.0108269,-0.0541021,0.0450761
11.8817625,48.5677223,0,0.00964821,-0.0499906,0.0407619
11.3956394,48.6840782,0,0.0085569,-0.0460271,0.0367189
10.9083786,48.7955666,0,0.00754984,-0.0422139,0.0329393
10.4200268,48.9021797,0,0.00662398,-0.0385532,0.0294154
9.93063354,49.0039024,0,0.00577606,-0.0350472,0.026139
9.44024849,49.1007309,0,0.00500295,-0.031698,0.0231023
8.9489193,49.1926498,0,0.00430133,-0.0285077,0.0202971
8.45669556,49.2796555,0,0.00366796,-0.0254781,0.0177154
7.96362734,49.3617325,0,0.00309948,-0.0226111,0.015349
7.46976328,49.4388771,0,0.00259252,-0.0199085,0.0131898
6.97515202,49.5110817,0,0.00214372,-0.0173718,0.0112296
6.47984409,49.5783386,0,0.00174963,-0.0150027,0.00946024
5.98388863,49.6406403,0,0.00140679,-0.0128026,0.00787328
5.48733473,49.697979,0,0.00111171,-0.010773,0.00646046
4.99023294,49.750351,0,0.000860892,-0.00891512,0.00521343
4.49263191,49.7977524,0,0.000650801,-0.00723016,0.00412382
3.99458218,49.8401794,0,0.000477874,-0.00571926,0.00318318
3.49613309,49.8776207,0,0.000338539,-0.00438342,0.00238308
2.99733472,49.91008,0,0.0002292,-0.00322357,0.001715
2.49823666,49.9375496,0,0.000146244,-0.00224054,0.00117044
1.99888909,49.9600296,0,8.61E-05,-0.00143506,0.000740856
1.49934161,49.9775162,0,4.50E-05,-0.000807778,0.000417644
0.999644339,49.9900055,0,1.94E-05,-0.000359223,0.00019218
0.499847144,49.9975014,0,5.61E-06,-8.98E-05,5.59E-05
0,50,0,3.70E-39,2.62E-39,0
